,Wave 1_Patients Admitted Due to COVID,Wave 2_Patients Admitted Due to COVID,Wave 3_Patients Admitted Due to COVID,Wave 1_Patients Admitted Not Due to COVID,Wave 2_Patients Admitted Not Due to COVID,Wave 3_Patients Admitted Not Due to COVID,Wave 1_Patients Newly Admitted,Wave 2_Patients Newly Admitted,Wave 3_Patients Newly Admitted,Wave 1_Patients Positive After Admission,Wave 2_Patients Positive After Admission,Wave 3_Patients Positive After Admission,Wave 1_Patients Discharged,Wave 2_Patients Discharged,Wave 3_Patients Discharged,Wave 1_Patients Currently in ICU,Wave 2_Patients Currently in ICU,Wave 3_Patients Currently in ICU,Wave 1_Patients Currently ICU Intubated,Wave 2_Patients Currently ICU Intubated,Wave 3_Patients Currently ICU Intubated,Wave 1_Patients Expired,Wave 2_Patients Expired,Wave 3_Patients Expired,Wave 1_Patients Age Less Than 1 Year,Wave 2_Patients Age Less Than 1 Year,Wave 3_Patients Age Less Than 1 Year,Wave 1_Patients Age 1 To 4 Years,Wave 2_Patients Age 1 To 4 Years,Wave 3_Patients Age 1 To 4 Years,Wave 1_Patients Age 5 to 19 Years,Wave 2_Patients Age 5 to 19 Years,Wave 3_Patients Age 5 to 19 Years,Wave 1_Patients Age 20 to 44 Years,Wave 2_Patients Age 20 to 44 Years,Wave 3_Patients Age 20 to 44 Years,Wave 1_Patients Age 45 to 54 Years,Wave 2_Patients Age 45 to 54 Years,Wave 3_Patients Age 45 to 54 Years,Wave 1_Patients Age 55 to 64 Years,Wave 2_Patients Age 55 to 64 Years,Wave 3_Patients Age 55 to 64 Years,Wave 1_Patients Age 65 to 74 Years,Wave 2_Patients Age 65 to 74 Years,Wave 3_Patients Age 65 to 74 Years,Wave 1_Patients Age 75 to 84 Years,Wave 2_Patients Age 75 to 84 Years,Wave 3_Patients Age 75 to 84 Years,Wave 1_Patients Age Greater Than 85 Years,Wave 2_Patients Age Greater Than 85 Years,Wave 3_Patients Age Greater Than 85 Years,Wave 1_Hospitalized Indicator,Wave 2_Hospitalized Indicator,Wave 3_Hospitalized Indicator,CountyPop,2020 Population Density1
ALBANY,0,0,49.75,0,0,17.01515152,3,10.67234043,14.89393939,0.894736842,0.570212766,0.356060606,4.357894737,9.723404255,13.67424242,18.98947368,19.06382979,21.04545455,12.27368421,7.923404255,9.295454545,1.073684211,1.540425532,1.606060606,0.094736842,0.076595745,1.121212121,0.042105263,0.076595745,0.598484848,0.094736842,0.965957447,3.378787879,5.494736842,7.655319149,15.84848485,7.6,10.34042553,12.56818182,13.92631579,18.89787234,20.65909091,17.94736842,22.48510638,28.25757576,13.32631579,24.67659574,23.15151515,4.757894737,19.0212766,11.46212121,0,0,0,314848,580.72
ALLEGANY,0,0,2.863636364,0,0,0.446969697,0.063157895,0.617021277,1.545454545,0.094736842,0.157446809,0.037878788,0.052631579,0.782978723,1.75,0.242105263,0.863829787,2,0,0.008510638,0.196969697,0,0.055319149,0.189393939,0,0,0.015151515,0,0,0,0,0,0.015151515,0,0.2,0.727272727,0.115789474,0.459574468,0.856060606,0.052631579,0.74893617,1.75,0.042105263,1.468085106,3.371212121,0.231578947,2.187234043,2.159090909,0.115789474,1.744680851,2.189393939,0,0,0,46456,44.28
BRONX,0,0,122.3712121,0,0,112.4621212,34.95789474,21.20851064,30.40151515,80.83157895,16.68085106,14.78787879,85,34.34042553,40.66666667,238.2105263,65.97021277,52.18939394,212.9789474,42.41276596,19.79545455,28.91578947,4.153191489,3.651515152,1.642105263,0.331914894,2.295454545,0.821052632,0.463829787,2.659090909,6.557894737,3.655319149,5.977272727,115.9052632,35.37446809,61.38636364,131.5578947,36.13191489,38.96969697,214.5052632,65.45531915,58.23484848,212.7789474,80.27659574,62.0530303,137.4947368,60.05106383,52.46212121,53.07368421,30.64255319,35.46969697,0.010526316,0.004255319,0,1472654,33224.46
BROOME,0,0,18.03030303,0,0,20.76515152,0.515789474,2.787234043,3.583333333,1.010526316,5.076595745,8.310606061,1.157894737,6.710638298,10.84848485,6.957894737,11.45531915,9.409090909,2.073684211,5.038297872,5.621212121,0.263157895,0.829787234,0.893939394,0,0,0.204545455,0,0,0,0,0.561702128,0.340909091,0.747368421,5.289361702,11.48484848,0.852631579,4.838297872,8.477272727,3.663157895,12.33617021,17.17424242,2.873684211,17.16595745,20.6969697,3.768421053,17.39574468,17.93939394,3.168421053,17.99574468,11.49242424,0.010526316,0,0,198683,268.44
CATTARAUGUS,0,0,7.371212121,0,0,3.401515152,0.136842105,1.587234043,3.204545455,0.052631579,0.123404255,0.143939394,0.042105263,1.531914894,3.613636364,0.789473684,3.395744681,4.121212121,0.621052632,2.646808511,3.484848485,0.052631579,0.327659574,0.651515152,0,0,0.007575758,0,0,0,0,0.012765957,0,0.242105263,1.085106383,2.113636364,0.421052632,1.812765957,3.484848485,0,2.655319149,6.068181818,0.463157895,3.961702128,6.962121212,0.2,4.106382979,7.181818182,0.094736842,2.974468085,3.878787879,0,0,0,77042,57.99
CAYUGA,0,0,3.954545455,0,0,0.628787879,0.052631579,1.493617021,1.795454545,0.010526316,0.042553191,0.090909091,0.042105263,1.331914894,1.553030303,0.052631579,1.306382979,1.045454545,0,0.476595745,0.189393939,0.010526316,0.10212766,0.166666667,0,0,0,0,0,0,0,0,0.015151515,0.084210526,0.689361702,0.931818182,0.031578947,0.778723404,0.681818182,0.010526316,1.714893617,2.204545455,0.157894737,2.029787234,2.477272727,0.063157895,1.889361702,2.553030303,0.031578947,3.795744681,1.840909091,0,0,0,76248,109.93
CHAUTAUQUA,0,0,8.128787879,0,0,3.598484848,0.073684211,2,3.590909091,0.010526316,0.123404255,0.21969697,0.052631579,1.795744681,3.257575758,0.231578947,3.021276596,4.704545455,0.084210526,0.85106383,2.121212121,0.052631579,0.276595745,0.666666667,0,0,0.015151515,0,0,0.007575758,0,0.025531915,0.128787879,0.021052632,0.761702128,2.265151515,0,1.029787234,2.424242424,0.042105263,2.412765957,7.060606061,0.073684211,3.519148936,7.462121212,0.294736842,5.225531915,6.992424242,0.094736842,5.123404255,3.477272727,0,0.004255319,0,127657,118.85
CHEMUNG,0,0,6.333333333,0,0,5.272727273,0.126315789,2.459574468,3.46969697,0.052631579,0.110638298,0.204545455,0.084210526,1.965957447,2.833333333,0.884210526,3.476595745,5.606060606,0.589473684,1.331914894,2.075757576,0.052631579,0.493617021,0.643939394,0,0.008510638,0.075757576,0,0,0,0,0.085106383,0.106060606,0.336842105,1.153191489,2.393939394,0.073684211,1.365957447,3.590909091,0.157894737,2.868085106,5.386363636,0.357894737,4.536170213,7.909090909,0.768421053,5.493617021,4.015151515,0.105263158,5.059574468,1.75,0,0,0,84148,202.84
CHENANGO,0,0,0.909090909,0,0,0.227272727,0.010526316,0.319148936,0.568181818,0.084210526,0.068085106,0.045454545,0.2,0.476595745,0.893939394,0.315789474,1.012765957,1.189393939,0,0.09787234,0.340909091,0,0.05106383,0.060606061,0,0,0,0,0,0,0,0,0.060606061,0.031578947,0.187234043,0.121212121,0,0.136170213,0.113636364,0.242105263,0.259574468,0.689393939,0.042105263,0.787234043,0.674242424,0.210526316,0.523404255,0.871212121,0,0.659574468,0.590909091,0,0,0,47220,52.29
CLINTON,0,0,8.159090909,0,0,8.712121212,0.115789474,0.591489362,1.363636364,0.378947368,0.468085106,1.560606061,0.147368421,0.991489362,2.454545455,1.126315789,0.982978723,4.174242424,0.915789474,0.336170213,2.5,0.042105263,0.10212766,0.439393939,0,0,0,0,0,0,0,0.017021277,0.121212121,0.4,0.412765957,3.553030303,0.410526316,0.54893617,2.053030303,0.494736842,1.45106383,4.742424242,0.631578947,2.582978723,8.46969697,0.263157895,3.353191489,6.068181818,0.852631579,1.714893617,5.916666667,0,0,0,79843,76.88
COLUMBIA,0,0,6.348484848,0,0,3.621212121,0.6,1,1.340909091,0.357894737,0.10212766,0.113636364,0.463157895,0.893617021,1.189393939,1.810526316,1.842553191,2.060606061,1.473684211,1.110638298,1.424242424,0.273684211,0.178723404,0.196969697,0,0,0,0,0,0,0,0,0.106060606,0.263157895,0.659574468,3.46969697,0.357894737,1.510638298,1.96969697,0.6,2.978723404,2.522727273,2.484210526,4.280851064,2.704545455,2.978947368,3.876595745,5.007575758,1.663157895,2.387234043,1.818181818,0.010526316,0,0,61570,93.80
CORTLAND,0,0,4.295454545,0,0,0.227272727,0.031578947,0.829787234,1.5,0,0.012765957,0.037878788,0.063157895,0.736170213,1.378787879,0.126315789,1.063829787,2.568181818,0,0.204255319,0.257575758,0,0.080851064,0.151515152,0,0,0,0,0,0,0,0.025531915,0,0,0.344680851,0.704545455,0.031578947,0.289361702,0.916666667,0.010526316,0.825531915,2.166666667,0.084210526,1.178723404,2.106060606,0,1.574468085,1.909090909,0,1.642553191,1.227272727,0,0,0,46809,94.58
DELAWARE,0,0,1.992424242,0,0,0.901515152,0.042105263,0.170212766,0.363636364,0,0.025531915,0.060606061,0.031578947,0.625531915,1.462121212,0,0,0,0,0,0,0,0.004255319,0.007575758,0,0,0,0,0,0,0,0,0,0,0.136170213,0.378787879,0,0.059574468,0.166666667,0,0.170212766,0.015151515,0.052631579,0.514893617,0.909090909,0.115789474,1.178723404,2.462121212,0.126315789,0.54893617,1.674242424,0,0,0,44308,30.46
DUTCHESS,0,0,29.46969697,0,0,12.32575758,4.610526316,7.821276596,9.984848485,1.884210526,0.821276596,0.439393939,4.536842105,7.10212766,8.492424242,19.87368421,12.49787234,11.10606061,17.62105263,6.306382979,6.446969697,1.168421053,1.09787234,1.136363636,0,0.038297872,0.25,0,0.038297872,0.045454545,0.021052632,0.127659574,0.272727273,5.073684211,4.212765957,7.962121212,6.336842105,5.90212766,6.416666667,16.35789474,12.21276596,13.18939394,11.63157895,16.77446809,16.15909091,6.652631579,15.36170213,13.18181818,4.968421053,9.714893617,8.446969697,0,0,0,295911,368.62
ERIE,0,0,88.59090909,0,0,66.27272727,9.115789474,18.8893617,22.11363636,12.35789474,9.663829787,14.16666667,15.30526316,22.4212766,35.50757576,60.91578947,49.03829787,51.96212121,47.15789474,32.20851064,35.97727273,3.557894737,4,4.924242424,0.126315789,0.587234043,1.53030303,0,0.272340426,1.090909091,0.315789474,1.565957447,5.174242424,13.56842105,21.50638298,40.52272727,19.50526316,21.69361702,32.47727273,37.48421053,49.80851064,58.20454545,40.41052632,53.59574468,71.43939394,26.33684211,43.64255319,53.57575758,14.96842105,31.01702128,31.23484848,0.021052632,0,0,954236,879.65
ESSEX,0,0,0.507575758,0,0,0.21969697,0.136842105,0.182978723,0.303030303,0,0,0.007575758,0.010526316,0.34893617,0.46969697,0,0,0,0,0,0,0,0.021276596,0.060606061,0,0,0,0,0,0,0,0,0,0,0,0.045454545,0,0.068085106,0.022727273,0.105263158,0.055319149,0.204545455,0.157894737,0.417021277,0.409090909,0,1.017021277,0.431818182,0.810526316,0.676595745,0.325757576,0,0,0,37381,20.56
FRANKLIN,0,0,2.227272727,0,0,1.787878788,0.010526316,0.493617021,1.424242424,0.052631579,0.017021277,0.098484848,0.021052632,0.578723404,1.590909091,0.063157895,0.753191489,2.21969697,0,0.055319149,0.575757576,0,0.025531915,0.106060606,0,0,0,0,0,0,0,0.021276596,0.060606061,0.021052632,0.204255319,0.893939394,0.147368421,0.225531915,1.424242424,0,0.45106383,1.810606061,0,0.646808511,1.96969697,0,0.863829787,1.386363636,0.084210526,0.685106383,1.106060606,0,0,0,47555,30.67
FULTON,0,0,3.712121212,0,0,0,0.284210526,0.672340426,1.5,0.231578947,0.025531915,0.007575758,0.136842105,0.587234043,1.136363636,1.463157895,1.693617021,2.318181818,0.294736842,0.30212766,0.325757576,0.073684211,0.140425532,0.189393939,0,0,0,0,0,0,0,0.017021277,0.045454545,0.021052632,0.204255319,0.856060606,0.568421053,0.544680851,1.462121212,0.410526316,0.914893617,1.03030303,0.968421053,1.395744681,1.606060606,1.021052632,1.531914894,1.409090909,0.421052632,0.89787234,1.03030303,0,0,0,53324,106.59
GENESEE,0,0,4.833333333,0,0,2.098484848,0.263157895,1.285106383,0.893939394,0.115789474,0.455319149,1.795454545,0.221052632,1.429787234,2.068181818,0.115789474,1.838297872,3.916666667,0,0.714893617,2.553030303,0.063157895,0.161702128,0.318181818,0,0,0,0,0,0,0,0,0.03030303,0.073684211,0.493617021,1.007575758,0.094736842,0.723404255,1.159090909,0.126315789,1.587234043,4.674242424,0.515789474,1.906382979,4.371212121,2.4,3.676595745,3.46969697,0.357894737,2.668085106,3.318181818,0,0,0,58388,115.62
HERKIMER,0,0,1.931818182,0,0,0.128787879,0.010526316,0.310638298,0.363636364,0.010526316,0.021276596,0,0.010526316,0.293617021,0.348484848,0,0,0,0,0,0,0,0.021276596,0.037878788,0,0,0,0,0,0,0,0,0,0,0.042553191,0.068181818,0.010526316,0.140425532,0.075757576,0,0.582978723,0.227272727,0,0.34893617,0.818181818,0,0.6,1.787878788,0,0.778723404,0.386363636,0,0,0,60139,43.18
JEFFERSON,0,0,5.212121212,0,0,4.833333333,0.115789474,1.719148936,3.825757576,0.084210526,0.055319149,0.121212121,0.126315789,1.787234043,4.007575758,0.778947368,1.489361702,3.386363636,0.084210526,0.280851064,0.75,0,0.157446809,0.310606061,0,0,0.083333333,0,0,0.022727273,0,0.089361702,0.303030303,0,1.365957447,4.143939394,0.063157895,1.357446809,1.901515152,0.178947368,1.519148936,4.560606061,0.242105263,1.327659574,3.931818182,0.336842105,3.246808511,4.166666667,0.378947368,2.059574468,2.977272727,0,0,0,116721,85.20
KINGS,0,0,204.2045455,0,0,181.0909091,57.56842105,37.37021277,44.78787879,83.24210526,24.81276596,26.03787879,109.5473684,53.17021277,73.09848485,280.8421053,86.00425532,69.62121212,242.8736842,51.6212766,39.07575758,44.70526316,8.089361702,8.272727273,2.210526316,1.285106383,3.28030303,1.736842105,0.408510638,1.439393939,3.989473684,3.144680851,5.946969697,120.1473684,55.32340426,68.50757576,129.0947368,51.4,41.78030303,236.6421053,99.5787234,85.90151515,287.2210526,130.0893617,114.5151515,217.9052632,111.9659574,128.6515152,120.4210526,80.62978723,97.47727273,0.147368421,0.008510638,0,2736074,36596.19
LEWIS,0,0,1.439393939,0,0,0.257575758,0,0.876595745,1.121212121,0.021052632,0.012765957,0.007575758,0,0.655319149,0.96969697,0,0.8,0.553030303,0,0,0.007575758,0,0.046808511,0.015151515,0,0,0,0,0,0,0,0,0,0,0.225531915,0.765151515,0,0.417021277,0.696969697,0,0.672340426,1.356060606,0,1.170212766,0.590909091,0.042105263,1.506382979,1.424242424,0.126315789,0.868085106,0.454545455,0,0,0,26582,20.54
LIVINGSTON,0,0,6.03030303,0,0,0.272727273,0.031578947,0.438297872,0.613636364,0.052631579,0.276595745,0.954545455,0.010526316,0.629787234,1.340909091,0,1.021276596,4,0,0.336170213,3.234848485,0.010526316,0.063829787,0.265151515,0,0,0,0,0,0,0,0,0,0.010526316,0.208510638,0.515151515,0.073684211,0.204255319,0.712121212,0.126315789,0.561702128,2.840909091,0,1,5.371212121,0.063157895,1.238297872,3.204545455,0,1.09787234,2.022727273,0,0,0,61834,98.77
MADISON,0,0,3.939393939,0,0,0.810606061,0.126315789,1.280851064,1.795454545,0.242105263,0.059574468,0.037878788,0.347368421,1.361702128,1.621212121,0.231578947,1.114893617,1.515151515,0,0.059574468,0.651515152,0.031578947,0.131914894,0.174242424,0,0,0,0,0,0,0,0.012765957,0.007575758,0.021052632,0.395744681,1.022727273,0.115789474,0.446808511,1.189393939,0.431578947,1.05106383,2.242424242,0.210526316,1.965957447,2.431818182,0.221052632,1.974468085,2.015151515,0.242105263,1.480851064,1.378787879,0,0,0,68016,107.62
MONROE,0,0,94.73484848,0,0,100.5833333,7.094736842,23.4212766,25.28787879,4.936842105,9.740425532,14.92424242,7.842105263,24.71914894,32.75,33.4,57.0893617,66.01515152,23.25263158,40.87234043,46.97727273,1.547368421,2.842553191,3.159090909,0,0.778723404,1.931818182,0.010526316,0.506382979,0.681818182,0.505263158,2.255319149,5.212121212,7.157894737,25.28510638,49.46212121,11.55789474,25.80425532,34.14393939,26.69473684,49.02553191,66.93939394,34.17894737,70.33617021,76.71969697,29.03157895,64.54468085,72.50757576,21.26315789,45.19148936,37.72727273,0,0.004255319,0,759443,1127.80
MONTGOMERY,0,0,4.825757576,0,0,2.977272727,0.189473684,1.455319149,1.992424242,0.031578947,0.123404255,0.159090909,0.273684211,1.634042553,2.136363636,2.010526316,2.727659574,4.303030303,0.894736842,0.961702128,2.439393939,0.052631579,0.187234043,0.371212121,0,0,0.015151515,0,0,0,0,0.110638298,0.022727273,0.052631579,1.017021277,1.462121212,0,1.046808511,1.416666667,1.726315789,1.872340426,3.46969697,1.315789474,3.136170213,5.439393939,0.673684211,3.195744681,2.257575758,0.378947368,3.646808511,2.727272727,0,0,0,49532,121.98
NASSAU,0,0,155.2727273,0,0,126.6818182,43.26315789,33.39148936,38.12878788,71.12631579,13.47234043,19.12878788,83.64210526,39.63404255,52.82575758,253.1789474,61.24255319,53.5530303,208.1894737,37.14468085,27.56060606,24.61052632,4.387234043,4.492424242,0.031578947,0.25106383,0.681818182,0.210526316,0.140425532,0.333333333,1.515789474,1.663829787,2.446969697,82.06315789,29.7106383,40.90151515,112.3473684,37.96170213,32,232.2842105,69.87659574,70.5530303,232.1473684,84.74042553,87.88636364,172.3157895,84.2,90.09090909,110.0210526,64.71489362,81.65151515,0.021052632,0.004255319,0,1395774,4749.15
NEW YORK,0,0,201.2575758,0,0,236.7121212,117.0631579,45.43829787,54.03787879,86.13684211,17.81276596,27.34090909,157.2,53.59148936,70.59090909,604.6631579,134.8851064,97.90151515,515.6631579,94.35319149,52.5,31.83157895,6.455319149,5.992424242,4.378947368,1.50212766,5.871212121,2.136842105,1.94893617,6.287878788,20.74736842,6.45106383,14.71212121,214.9263158,62.08085106,94.41666667,232.0842105,58.74893617,61.12121212,412.4526316,104.3744681,108.3787879,474.6526316,130.0680851,120.6590909,290.7157895,110.706383,106.9242424,129.3684211,68.99148936,72.31818182,1.073684211,0.004255319,0,1694251,71150.64
NIAGARA,0,0,10.81818182,0,0,4.651515152,0.4,1.885106383,2.954545455,0.8,0.49787234,1.113636364,0.947368421,1.765957447,3.643939394,3.652631579,4.340425532,9.28030303,3.147368421,2.69787234,6.287878788,0.221052632,0.34893617,0.772727273,0,0,0,0,0,0,0,0,0.090909091,0.347368421,1.059574468,3.545454545,0.905263158,1.791489362,2.946969697,2.021052632,3.289361702,8.227272727,3.136842105,3.995744681,9.742424242,2.326315789,4.208510638,5.909090909,1.515789474,2.412765957,3.962121212,0,0,0,212666,398.96
ONEIDA,0,0,15.96969697,0,0,10.46969697,1.242105263,6.574468085,7.772727273,1.778947368,0.936170213,1.098484848,1.726315789,5.625531915,6.734848485,7.568421053,11.4893617,11.18181818,4.442105263,6.842553191,6.151515152,0.557894737,1.319148936,1.333333333,0,0.008510638,0.257575758,0,0.004255319,0.03030303,0.042105263,0.072340426,0.492424242,1.242105263,3.468085106,6.583333333,2.905263158,5.063829787,5.825757576,5.136842105,11.10638298,12.09090909,7.547368421,19.33191489,17.78787879,5.957894737,18.6893617,15.08333333,3.694736842,9.621276596,7.075757576,0,0,0,232125,187.53
ONONDAGA,0,0,47.40151515,0,0,22.18181818,2.684210526,10.13191489,20.75757576,2.178947368,3.893617021,0.393939394,3.178947368,10.86382979,19.46969697,16.94736842,25.14042553,30.58333333,11.50526316,11.8893617,13.75757576,1.042105263,1.706382979,2.318181818,0.084210526,0.246808511,1.28030303,0.021052632,0.221276596,1.265151515,0.168421053,1.012765957,3.606060606,4.505263158,9.242553191,20.02272727,5.905263158,10.66382979,13.4469697,8.452631579,20.3787234,26.07575758,11.44210526,23.89787234,27.9469697,10.77894737,24.72765957,23.72727273,6.768421053,18.46382979,16.48484848,0,0,0,476516,589.95
ONTARIO,0,0,14.04545455,0,0,7.113636364,0.663157895,2.808510638,5.333333333,0.389473684,0.493617021,0.886363636,0.610526316,2.625531915,5.424242424,1.705263158,6.127659574,10.84848485,0.4,1.978723404,4.363636364,0.084210526,0.293617021,0.643939394,0,0,0,0,0,0,0,0.042553191,0.015151515,0.178947368,1.459574468,3.439393939,0.021052632,1.408510638,4.128787879,1.336842105,3.680851064,8.863636364,1.484210526,4.872340426,11.84090909,1.178947368,6.221276596,9.962121212,1.336842105,4.74893617,5.659090909,0,0,0,112458,170.93
ORANGE,0,0,36.42424242,0,0,24.3030303,4.568421053,8.157446809,14.4469697,8.336842105,3.795744681,1.765151515,11.65263158,10.59574468,13.73484848,40.87368421,13.43829787,14.27272727,34.57894737,9.757446809,9.090909091,3.031578947,1.25106383,1.507575758,0.189473684,0.004255319,0.151515152,0,0.004255319,0.106060606,0.094736842,0.378723404,0.931818182,14.09473684,8.306382979,13.36363636,13.50526316,10.71489362,10.95454545,26.44210526,20.13617021,21.87878788,28.51578947,22.91489362,22.26515152,16.16842105,18.25531915,20.77272727,11.81052632,12.25106383,12.27272727,0,0,0,401310,474.24
ORLEANS,0,0,0.295454545,0,0,0.515151515,0.042105263,0.153191489,0.295454545,0.031578947,0.008510638,0.015151515,0.021052632,0.255319149,0.416666667,0,0,0,0,0,0,0.021052632,0.008510638,0.015151515,0,0,0,0,0,0,0,0,0,0,0.110638298,0.068181818,0,0.106382979,0.295454545,0,0.106382979,0.348484848,0.052631579,0.289361702,0.560606061,0.021052632,0.072340426,0.477272727,0.094736842,0.153191489,0.325757576,0,0,0,40343,102.18
OSWEGO,0,0,4.901515152,0,0,1.46969697,0.126315789,0.808510638,1.856060606,0.073684211,0.046808511,0.045454545,0.115789474,0.621276596,1.681818182,0.673684211,2.357446809,2.871212121,0.084210526,0.463829787,1.075757576,0,0.076595745,0.257575758,0,0,0,0,0,0,0,0.017021277,0.037878788,0.094736842,0.557446809,1.257575758,0.010526316,0.582978723,1.636363636,0.284210526,1.153191489,2.825757576,0.052631579,2.246808511,4.356060606,0.294736842,1.217021277,2.325757576,0,1.408510638,1.643939394,0,0,0,117525,122.26
OTSEGO,0,0,6.984848485,0,0,2.848484848,0.052631579,1.587234043,2.446969697,0.368421053,0.187234043,0.060606061,0.231578947,1.812765957,2.545454545,1.894736842,3.455319149,2.037878788,1.705263158,2.927659574,1.386363636,0.052631579,0.208510638,0.310606061,0,0,0,0,0,0,0,0.017021277,0.022727273,0.094736842,0.846808511,1.757575758,0.326315789,1.153191489,1.871212121,0.852631579,3.182978723,4.151515152,1.631578947,3.69787234,4.833333333,1.157894737,4.093617021,3.757575758,0.094736842,1.893617021,2.227272727,0,0,0,58524,58.60
PUTNAM,0,0,4.78030303,0,0,1.575757576,0.578947368,1.263829787,1.643939394,1.294736842,0.093617021,0.075757576,1.663157895,1.119148936,1.477272727,2.6,1.463829787,2.272727273,1.705263158,0.49787234,0.977272727,0.452631579,0.093617021,0.143939394,0,0,0,0,0,0,0,0.029787234,0,1.031578947,0.421276596,0.939393939,0.694736842,0.612765957,0.924242424,2.694736842,2.165957447,2.181818182,2.610526316,2.331914894,2.439393939,3.494736842,2.174468085,2.174242424,1.873684211,1.178723404,1.871212121,0,0,0,97668,428.02
QUEENS,0,0,144.3560606,0,0,147.0454545,57.52631579,47.85957447,46.09090909,79.61052632,6.463829787,10.78030303,97.50526316,42.93191489,47.90909091,267.7894737,79.69361702,43.68939394,223.7789474,56.9787234,29.96969697,36.64210526,6.310638298,5.727272727,1.642105263,0.523404255,3.295454545,1.052631579,0.455319149,3.810606061,7.610526316,3.242553191,10.09848485,116.6421053,52.00851064,55.41666667,144.1157895,49.44255319,33.37878788,246.9157895,94.89361702,70.40151515,251.6736842,105.6382979,85.5,170.9684211,82.07234043,85.99242424,86.24210526,51.37021277,63.50757576,0.284210526,0,0,2405464,20472.21
RENSSELAER,0,0,10.12878788,0,0,6.53030303,0.673684211,2.336170213,3.818181818,0.168421053,0.05106383,0.242424242,0.463157895,2.221276596,3.689393939,4.063157895,3.259574468,4.818181818,3.2,1.940425532,2.689393939,0.263157895,0.208510638,0.424242424,0,0,0,0,0,0,0,0.085106383,0.234848485,0.442105263,1.544680851,3.416666667,0.821052632,1.680851064,4.689393939,2.242105263,2.604255319,5.96969697,2.115789474,4.574468085,8.651515152,2.8,4.489361702,5.090909091,0.873684211,3.455319149,3.121212121,0,0,0,161130,242.33
RICHMOND,0,0,49.00757576,0,0,45.06818182,14.38947368,14.02978723,14.82575758,21.47368421,1.906382979,1.931818182,17.75789474,11.67659574,14.84848485,89.50526316,38.23829787,30.59848485,75.24210526,17.15744681,13.5,6.589473684,1.523404255,1.424242424,0.052631579,0.085106383,0.833333333,0.084210526,0.068085106,0.272727273,1.6,0.791489362,1.878787879,22.24210526,12.09787234,14.01515152,26.50526316,12.83404255,14.47727273,52.90526316,23.06382979,21.91666667,54.8,33.23404255,28.62878788,40.64210526,29.95744681,29.78030303,17.66315789,18.8893617,19.93181818,0,0,0,495747,8263.25
ROCKLAND,0,0,22.82575758,0,0,13.87121212,12.74736842,6.906382979,7.393939394,7.621052632,0.331914894,0.431818182,12.06315789,6.085106383,7.090909091,40.82105263,10.53617021,6.227272727,34.96842105,7.408510638,3.212121212,4.378947368,0.987234043,0.742424242,0.031578947,0.008510638,0.015151515,0,0.012765957,0,0.178947368,0.157446809,0.166666667,20.85263158,7.434042553,6.818181818,16.24210526,7.276595745,6.893939394,35.45263158,10.71489362,8.924242424,32.69473684,11.58723404,10.43181818,19.62105263,11.75744681,9.348484848,11.42105263,8.374468085,9.515151515,0,0,0,338329,1880.87
SARATOGA,0,0,8.28030303,0,0,4.424242424,0.389473684,2.110638298,3.803030303,0.157894737,0.038297872,0.143939394,0.536842105,1.863829787,3.439393939,2.505263158,3.893617021,5.689393939,1.726315789,1.514893617,2.371212121,0.052631579,0.30212766,0.590909091,0,0.004255319,0,0,0,0,0,0.012765957,0.068181818,0.463157895,1.212765957,1.378787879,0.894736842,1.591489362,4.189393939,1.389473684,2.646808511,4.818181818,1.463157895,4.017021277,6.477272727,1.305263158,4.578723404,7.068181818,0.073684211,3.068085106,3.840909091,0,0,0,235509,284.32
SCHENECTADY,0,0,8.446969697,0,0,4.401515152,0.842105263,2.987234043,3.704545455,0.347368421,0.063829787,0.371212121,1.042105263,2.672340426,3.977272727,4.652631579,6.442553191,3.946969697,4.610526316,4.221276596,2.984848485,0.305263158,0.531914894,0.401515152,0,0,0,0,0,0,0,0.229787234,0.106060606,1.4,2.195744681,3.106060606,2.336842105,1.774468085,3.272727273,3.663157895,2.953191489,4.348484848,2.578947368,7.714893617,5.424242424,3.115789474,5.212765957,5.954545455,2.063157895,7.280851064,6,0,0,0,158061,759.40
SCHOHARIE,0,0,1.431818182,0,0,0.234848485,0,0.29787234,0.431818182,0,0.021276596,0,0.021052632,0.276595745,0.363636364,0,0,0,0,0,0,0,0.017021277,0.045454545,0,0,0,0,0,0,0,0.004255319,0,0,0.042553191,0.098484848,0,0.046808511,0.106060606,0,0.289361702,0.287878788,0.042105263,0.387234043,0.818181818,0.073684211,0.761702128,0.568181818,0,0.655319149,0.893939394,0,0,0,29714,50.07
SCHUYLER,0,0,0.727272727,0,0,0,0,0.042553191,0.196969697,0,0.021276596,0,0,0.110638298,0.318181818,0,0,0,0,0,0,0,0,0,0,0,0,0,0,0,0,0,0.007575758,0,0,0.053030303,0,0.012765957,0.068181818,0,0.012765957,0.174242424,0,0.093617021,0.106060606,0,0.038297872,0.712121212,0,0.170212766,0.174242424,0,0,0,17898,53.86
ST. LAWRENCE,0,0,4.977272727,0,0,4.083333333,0.168421053,1.608510638,2.901515152,0.263157895,0.131914894,0.696969697,0.242105263,1.710638298,3.643939394,0.642105263,2.45106383,5.143939394,0.505263158,0.608510638,1.568181818,0.031578947,0.195744681,0.257575758,0,0.008510638,0.060606061,0,0,0.03030303,0,0.025531915,0.113636364,0.431578947,0.540425532,2.371212121,0.410526316,0.782978723,3.053030303,0.284210526,2.029787234,4.704545455,0.578947368,3.531914894,5.295454545,0.547368421,3.723404255,3.689393939,0.2,1.672340426,2.689393939,0,0,0,108505,40.00
STEUBEN,0,0,7.113636364,0,0,1.636363636,0.326315789,1.582978723,3.136363636,0.242105263,0.561702128,0.363636364,0.263157895,2.161702128,3.522727273,0.115789474,1.506382979,2.931818182,0,0.259574468,0.553030303,0.073684211,0.10212766,0.401515152,0,0,0,0,0,0,0,0.034042553,0.068181818,0.084210526,1.046808511,2.287878788,0.084210526,0.468085106,1.765151515,0.368421053,2.770212766,4.325757576,0.389473684,3.4,6.204545455,0.642105263,4.527659574,4.5,0.694736842,3.221276596,2.651515152,0,0,0,93584,68.07
SUFFOLK,0,0,139.0151515,0,0,96.93181818,46,39.02978723,50.58333333,34.6,3.506382979,3.522727273,56.10526316,36.61276596,49.62121212,231.2631579,69.12340426,57.4469697,186.9368421,41.08085106,32.83333333,15.05263158,5.221276596,5.022727273,0.578947368,0.408510638,0.674242424,0.294736842,0.238297872,0.681818182,4.157894737,2.221276596,5.924242424,82.03157895,33.16595745,49.31060606,102.8631579,36.89361702,33.53030303,162.0105263,70.91914894,64.92424242,139.6631579,79.45957447,78.68939394,120.8,83.07659574,76.40909091,65.93684211,56.87234043,57.02272727,0.031578947,0,0,1525920,1617.99
SULLIVAN,0,0,4.21969697,0,0,2.477272727,0.557894737,0.395744681,1.522727273,0.968421053,0.587234043,0.28030303,1.273684211,1.45106383,2.007575758,3.105263158,1.387234043,1.886363636,2.315789474,0.476595745,0.803030303,0.210526316,0.106382979,0.128787879,0,0,0,0,0,0,0,0.021276596,0.053030303,1.315789474,0.604255319,1.393939394,1.568421053,0.710638298,1.098484848,3.136842105,2.119148936,2.515151515,3.494736842,2.510638298,3.310606061,2.242105263,1.161702128,2.886363636,2.252631579,0.744680851,1.590909091,0.010526316,0,0,78624,78.30
TOMPKINS,0,0,5.159090909,0,0,4.136363636,0.115789474,0.931914894,2.143939394,0.105263158,0.055319149,0.015151515,0.094736842,0.493617021,2.151515152,0.610526316,1.582978723,3.545454545,0.505263158,0.387234043,0.439393939,0.021052632,0.089361702,0.128787879,0,0,0.03030303,0,0,0,0,0.127659574,0.636363636,0.263157895,0.540425532,1.810606061,0.052631579,0.527659574,1.393939394,0.084210526,1.09787234,3.333333333,0.947368421,2.259574468,2.204545455,0.073684211,2.417021277,3.924242424,0.336842105,2.204255319,1.984848485,0,0,0,105740,212.91
ULSTER,0,0,9.128787879,0,0,4.068181818,0.673684211,1.663829787,2.674242424,0.105263158,0.182978723,0.121212121,0.515789474,1.519148936,2.431818182,2.789473684,2.080851064,2.113636364,2.136842105,1.131914894,1.265151515,0.115789474,0.238297872,0.234848485,0,0,0,0,0,0,0,0,0.022727273,0.905263158,0.893617021,1.386363636,1.210526316,0.914893617,1.318181818,1.568421053,2.94893617,4.810606061,3.357894737,3.574468085,5.318181818,2.168421053,3.625531915,4.78030303,1.694736842,2.74893617,4.659090909,0,0,0,181851,158.08
WARREN,0,0,6.537878788,0,0,5.409090909,0.168421053,1.123404255,4.28030303,0.347368421,0.285106383,0.121212121,0.326315789,1.178723404,3.818181818,1.210526316,1.136170213,3.946969697,1.042105263,0.523404255,1.265151515,0.115789474,0.161702128,0.598484848,0,0,0.007575758,0,0,0,0,0,0.136363636,0.189473684,0.421276596,2.477272727,0.157894737,1.204255319,3.674242424,1.242105263,2.046808511,6.833333333,0.357894737,1.914893617,7.484848485,1.557894737,3.178723404,5.727272727,0.410526316,2.425531915,3.878787879,0,0,0,65737,73.52
WAYNE,0,0,6.734848485,0,0,3.893939394,0.105263158,0.995744681,0.856060606,0.084210526,0.382978723,2.151515152,0.115789474,1.14893617,2.439393939,0.147368421,1.625531915,4.606060606,0,0.468085106,2.522727273,0,0.059574468,0.333333333,0,0,0.03030303,0,0,0,0,0.012765957,0.015151515,0,0.706382979,1.96969697,0.021052632,0.54893617,2.840909091,0.031578947,0.982978723,5.136363636,0.273684211,1.919148936,3.757575758,0.021052632,2.710638298,4.742424242,0,1.761702128,2.166666667,0,0,0,91283,147.95
WESTCHESTER,0,0,80.9469697,0,0,70.85606061,33.26315789,27.79574468,29.08333333,27.23157895,3.106382979,2.507575758,46.03157895,24.42978723,27.03030303,150.4315789,35.64255319,28.98484848,123.0736842,24.96595745,19.14393939,13.14736842,3.472340426,2.757575758,0.484210526,0.872340426,1.734848485,0.473684211,0.595744681,1.356060606,3.136842105,3.889361702,6.893939394,61.54736842,24.73191489,25.62878788,65.6,23.48510638,17.93939394,114.3578947,47.40851064,33.9469697,130.2736842,55.25531915,40.06818182,90.91578947,59.54042553,44.9469697,64.55789474,43.73191489,36.09090909,0.052631579,0,0,1004457,2242.28
WYOMING,0,0,2.393939394,0,0,0.651515152,0.042105263,0.787234043,1.159090909,0.021052632,0.004255319,0.037878788,0,0.761702128,0.901515152,0.115789474,0.876595745,2.265151515,0,0.008510638,0.568181818,0.010526316,0.068085106,0.181818182,0,0,0,0,0,0,0,0.034042553,0.022727273,0,0.195744681,0.53030303,0.021052632,0.395744681,0.939393939,0,0.6,1.689393939,0.168421053,1.417021277,1.575757576,0,1.685106383,2.553030303,0.010526316,1.361702128,1.401515152,0,0,0,40531,66.58
YATES,0,0,0.46969697,0,0,0.492424242,0.052631579,0.165957447,0.234848485,0.010526316,0.021276596,0.022727273,0.021052632,0.187234043,0.265151515,0,0,0,0,0,0,0.010526316,0.017021277,0.037878788,0,0,0,0,0,0,0,0,0,0,0.017021277,0.090909091,0,0.072340426,0.098484848,0.273684211,0.327659574,0.295454545,0.031578947,0.191489362,0.71969697,0.031578947,0.272340426,0.196969697,0.147368421,0.434042553,0.393939394,0,0,0,24774,73.28
